,beer,spirit,wine,eigen value
0,-0.7466159325024339,0.05247221583926951,-0.6631827168272996,0.413134051090801
1,0.3854466690337123,-0.7783860662498139,-0.49552598034710216,0.837998213824266
2,0.5422135323508048,0.6255891610578443,-0.5609301978879416,1.732201068418267
